date,ASSET_01,ASSET_02,ASSET_03,ASSET_04,ASSET_05,ASSET_06,ASSET_07,ASSET_08,ASSET_09,ASSET_10
2023-01-02,0.00059,-0.000829,0.004466,0.004437,-0.005638,0.002836,-0.01418,-0.030606,-0.005485,-0.003646
2023-01-03,0.000764,0.002582,-0.012199,-0.005097,-0.001452,0.008045,0.002964,0.004482,-0.020435,-0.000789
2023-01-04,0.005166,0.000905,0.006501,0.011032,0.01179,-0.011807,-0.016495,-0.009361,0.017302,0.014354
2023-01-05,0.004622,-0.010086,-0.000925,0.000894,-0.02396,0.007373,0.004861,0.020619,0.022047,0.010262
2023-01-06,0.00533,0.001752,0.002713,-0.015784,-0.024386,-0.019395,0.020928,0.003993,-0.016767,0.016365
2023-01-09,0.008241,0.00953,0.011424,-0.024728,-0.003376,-0.007019,0.012589,0.009482,-0.007284,0.026256
2023-01-10,-0.001787,-0.005289,-0.012661,0.018415,0.010435,0.018473,-0.00963,0.021667,0.034424,0.010284
2023-01-11,0.005577,-0.003693,0.002128,-0.00647,-0.007957,0.017345,-0.01856,-0.004245,-0.009128,0.013894
2023-01-12,-0.001926,0.001823,0.013718,-0.010714,0.011104,-0.019695,0.013118,0.000289,-0.014133,-0.024098
2023-01-13,-0.001806,-0.008608,0.009322,0.001466,-0.018986,-0.022017,0.019085,0.007521,-0.01724,-0.031806
2023-01-16,-0.004317,-0.011804,0.010303,-0.00038,-0.011324,0.00729,-0.011487,-0.02612,-0.010644,-0.022428
2023-01-17,0.002496,-9e-06,0.008344,-0.014961,-0.004553,-0.001422,0.021836,0.029947,0.000122,-0.006102
2023-01-18,0.003689,0.004258,0.001403,0.002975,0.005415,0.013417,-0.012756,0.00982,-0.006707,0.004669
2023-01-19,-0.001459,-0.005402,0.00441,0.00844,-0.013072,-0.000472,-0.003905,-0.012615,0.033732,0.025905
2023-01-20,0.003986,0.02344,-0.025735,0.003527,0.004824,-8.9e-05,0.004022,-0.005114,-0.014078,0.039462
2023-01-23,-0.001204,-0.007146,-0.000799,0.001667,0.013343,0.025088,-0.014034,0.005223,0.016349,-0.00832
2023-01-24,0.002201,0.003955,0.001371,-0.006101,0.010082,0.006325,-0.000226,0.00709,0.006675,0.006667
2023-01-25,0.003049,0.008829,0.003132,0.010766,0.01529,-0.021984,-0.004902,-0.01989,0.017176,0.008574
2023-01-26,-6e-06,-0.013692,0.006105,-0.001311,-0.01778,-0.004024,0.018784,0.030571,0.021528,-0.005306
2023-01-27,-0.006369,-0.008433,-0.01146,-0.002393,0.011154,0.036414,-0.010549,0.014918,0.005106,-0.001223
2023-01-30,-0.00601,-0.005061,-0.005943,0.000408,-0.011143,-0.004123,0.03464,0.039999,0.001452,-0.025661
2023-01-31,-0.00628,-0.00434,-0.005366,0.013017,0.015653,8.8e-05,0.006171,0.008936,0.004255,-0.039443
2023-02-01,-0.00872,0.005479,-0.000527,0.005588,0.023685,-0.007875,0.016999,0.008402,0.012692,-0.020834
2023-02-02,-0.006117,0.002841,-0.013586,-0.001246,-0.005105,0.001301,0.014564,0.001646,-0.035081,-0.023456
2023-02-03,-0.003043,0.008827,-0.015687,0.030166,0.006195,0.001569,-0.022359,-0.019649,0.023924,0.043899
2023-02-06,-0.001607,0.009866,0.003057,0.005709,0.012064,-0.012682,-0.000972,-0.012743,,-0.007819
2023-02-07,-0.001588,-0.002825,0.000206,-0.009707,0.014897,0.020868,-0.007048,-0.000567,0.00845,-0.006773
2023-02-08,0.002838,0.001501,0.010034,-0.004735,0.027557,0.001492,-0.014788,-0.020778,0.006637,-0.021084
2023-02-09,0.001695,0.000145,-0.002753,-0.006153,-0.01729,0.012854,-0.012118,-0.019899,-0.037696,0.002808
2023-02-10,0.009919,0.008356,0.000744,0.008714,0.005425,9.3e-05,-0.025534,-0.017502,0.022481,0.04644
2023-02-13,-0.005717,0.000987,-0.003223,0.009703,0.008979,0.01043,-0.003616,0.002962,0.006689,-0.001299
2023-02-14,0.012293,0.001812,0.010969,-0.004934,-0.017756,-0.013528,0.005982,0.021157,0.032535,0.049258
2023-02-15,0.00082,-0.000892,-0.000605,-0.008839,-0.015088,0.010802,0.007339,0.019683,-0.009303,0.013815
2023-02-16,-0.003301,0.002871,-0.0196,0.002681,0.011737,0.018343,-0.013602,-0.006717,-0.00213,0.024602
2023-02-17,0.001933,-0.005257,-8.1e-05,0.018737,-0.008932,-0.009147,-0.009185,-0.007092,0.006601,-0.005435
2023-02-20,0.000524,-0.008321,0.010933,0.0193,0.009748,-0.006586,-0.012189,-0.003406,0.028866,-0.022145
2023-02-21,0.003872,0.003728,-0.006374,-0.018744,-0.022518,0.011091,0.015304,0.01526,-0.022941,0.017976
2023-02-22,0.000902,-0.000713,-0.003472,0.0007,0.001967,-0.012431,0.005886,0.010595,-0.00417,0.000663
2023-02-23,-0.005634,0.003292,0.002664,0.009124,0.005156,0.002609,-0.008891,-0.022897,-0.010327,-0.016731
2023-02-24,-0.00729,-9e-05,0.009367,-0.010082,0.002497,-0.004872,0.015067,-0.00662,-0.012692,-0.021072
2023-02-27,0.000845,-0.013355,0.00642,-0.01166,-0.025899,0.016808,-0.005666,0.004152,-0.042971,-0.026201
2023-02-28,0.006943,0.003512,-0.003426,0.003053,0.009171,0.002587,-0.015801,-0.002853,0.021563,0.031712
2023-03-01,0.002404,0.000588,-0.008733,0.014666,0.012976,0.003636,-0.007043,0.019907,0.030267,0.017203
2023-03-02,0.001514,-0.004376,0.017476,-0.010532,-0.018519,-0.000317,0.006875,0.004489,0.010803,0.015265
2023-03-03,0.006441,-0.005085,-0.002844,0.001109,-0.004621,0.006455,-0.012422,0.001998,0.028828,0.035727
2023-03-06,-0.004846,-0.00412,0.008982,0.01123,9.5e-05,-0.016263,0.001525,-0.015235,0.004347,-0.018021
2023-03-07,0.000149,0.00497,-0.00572,-0.00452,0.015842,0.006071,-0.002814,-0.001158,-0.003098,0.001715
2023-03-08,0.002557,0.001444,-0.010957,0.015948,-0.003534,0.014654,-0.019127,0.001879,0.011687,0.029385
2023-03-09,0.0087,0.006484,-0.000566,-0.017802,0.012304,0.012876,-0.010697,1e-06,0.035063,0.059176
2023-03-10,-0.001916,-0.01023,-0.00695,0.007025,-0.00282,0.040998,-0.020825,0.000293,0.024685,0.007699
2023-03-13,-0.003212,-0.008702,0.005608,-0.003176,0.00101,0.012683,0.004933,0.022647,0.009531,-0.014221
2023-03-14,0.004359,0.000849,0.001112,0.006242,-0.018937,-0.006258,-0.013266,-0.016707,-0.006565,0.028449
2023-03-15,-0.003022,0.004334,-0.006013,0.007882,0.003491,0.010324,-0.002246,0.001204,0.004394,0.009666
2023-03-16,-0.008752,0.000199,-0.013715,-0.004623,0.010413,0.019938,-0.008218,-0.019988,-0.053772,-0.041179
2023-03-17,0.000399,-0.012248,-0.001947,0.016841,0.010595,0.020255,-0.031701,-0.01164,0.033793,0.004061
2023-03-20,-0.008499,-0.002971,-0.009086,-0.003023,0.014069,0.012062,0.021975,0.026078,-0.003612,-0.043332
2023-03-21,-0.00045,0.003425,-0.011659,0.01002,-0.012783,0.006452,-0.009742,-0.017966,0.008172,0.041892
2023-03-22,0.003622,0.007421,-0.005216,-0.006275,0.010309,0.000605,0.001104,0.013297,-0.02832,-0.005237
2023-03-23,-0.005269,-0.003581,-0.000656,0.009948,0.002022,0.015323,-0.002577,0.007696,-0.005456,-0.028996
2023-03-24,-0.011337,-0.012032,-0.016769,-0.006254,-0.004602,0.029342,0.008883,0.011943,0.001272,-0.005885
2023-03-27,-0.005397,0.008618,-0.009396,0.000546,-0.001474,-0.01523,0.023209,0.007122,-0.021786,-0.006369
2023-03-28,-0.004356,0.004979,-0.006064,0.005022,-0.009662,-0.000592,0.001386,-0.018604,-0.016485,0.004801
2023-03-29,0.00465,0.009735,0.007818,-0.023722,-0.002711,0.01073,-0.009859,-0.020328,-0.039477,0.014992
2023-03-30,-0.002882,0.000185,0.002597,0.004011,0.006852,0.003648,0.002107,0.009403,-0.002003,-0.010878
2023-03-31,0.001235,0.007335,-0.001542,-0.01348,0.010552,0.011261,-0.004722,,-0.043363,-0.013654
2023-04-03,0.00412,0.018318,0.010443,-0.000649,0.012249,-0.030912,0.013417,-0.008825,0.004847,0.007957
2023-04-04,-0.011104,-0.005618,-0.007702,0.01891,0.000466,-0.007208,0.006835,0.001947,-0.011462,-0.032917
2023-04-05,-0.007483,0.002706,0.007996,0.005506,0.006289,-0.009994,0.009915,-0.015177,-0.020086,-0.047941
2023-04-06,-0.003809,-0.007331,0.006512,0.01136,0.008244,0.003721,-0.00348,0.005318,0.025588,-0.015157
2023-04-07,0.008421,-0.00983,0.011305,-0.001256,-0.022485,0.004842,-0.00225,0.014516,0.026129,0.014785
2023-04-10,0.003522,0.002342,0.001364,-0.003738,0.014714,,0.003128,0.010595,0.027069,0.022578
2023-04-11,0.001553,-0.003582,0.001678,-0.006479,-0.005311,0.008683,0.003516,0.00844,0.00947,0.006478
2023-04-12,0.004048,-0.002188,-0.00453,-0.013274,-0.011351,0.028492,-0.021101,-0.022735,-0.029037,0.009673
2023-04-13,0.000372,0.007046,-0.003861,0.002833,-0.00985,0.006149,-0.00783,-0.024184,-0.032133,-0.010315
2023-04-14,-0.002767,-0.006387,0.006537,0.006483,0.011305,0.001983,0.006803,0.031924,-0.007837,-0.049172
2023-04-17,-0.002733,-0.002382,0.001816,0.006554,0.004822,0.004671,-0.001224,0.010957,0.017663,0.004823
2023-04-18,0.003382,-0.004464,0.007318,-0.012629,-0.009158,0.001494,0.007066,0.008281,0.027445,0.028721
2023-04-19,-0.002886,-0.01838,-0.002345,0.006826,-0.029029,0.004168,0.009163,0.017606,0.011659,-0.005142
2023-04-20,-0.000472,-0.002935,0.004117,-0.010224,-0.004656,0.010216,-0.010681,-0.009021,-0.030979,0.001046
2023-04-21,0.005753,-0.000555,0.005639,-0.011843,-0.00115,0.0003,-0.001094,-0.002853,0.013505,0.022201
2023-04-24,0.004404,-0.002589,0.021816,-0.013202,0.003581,-0.013821,0.003327,-0.009004,0.004537,-0.012914
2023-04-25,0.006927,0.007558,-0.000542,0.001453,0.020434,0.011282,-0.016545,-0.000143,0.008461,0.008527
2023-04-26,0.004499,0.001645,0.009388,-0.017269,0.005059,0.007153,0.004921,0.012679,0.013287,0.012228
2023-04-27,-0.001765,0.000575,0.008043,0.009411,0.010131,-0.004989,-0.002096,-0.011709,0.020282,-0.017961
2023-04-28,-0.001258,-0.007964,-0.000837,0.01076,0.008931,-0.010158,-0.008246,-0.01432,0.000483,-0.016775
2023-05-01,0.004672,0.005909,0.006257,-0.004741,0.004738,0.031753,-0.024196,-0.012928,0.018575,0.025304
2023-05-02,-0.004149,-0.001021,-0.009328,-0.001499,-0.010443,-0.013696,0.020218,0.005124,-0.031799,-0.021012
2023-05-03,-0.000235,-0.009952,0.004202,0.009596,-0.013431,-0.001971,-0.007217,0.000605,0.006149,0.002783
2023-05-04,-0.001142,0.000634,0.006133,-0.007382,-0.001546,-0.012769,0.026353,0.019937,0.017737,0.000509
2023-05-05,-0.004589,-0.004133,0.009611,0.016203,0.014009,0.002788,-0.011558,-0.010715,0.002758,-0.046565
2023-05-08,0.005823,8.1e-05,0.005743,-0.004585,-0.004048,-0.012484,0.005869,0.007582,0.005826,0.008581
2023-05-09,-0.000624,-0.002366,-0.011023,0.004101,-0.006344,0.027276,-0.029637,-0.025187,-0.01311,0.019637
2023-05-10,-0.005259,-0.010847,0.008027,-0.001673,-0.019635,0.007715,0.003664,-0.012312,0.004431,-0.017177
2023-05-11,0.001576,-0.002804,0.005397,-0.004593,-0.006177,-0.011756,0.008339,0.003368,-0.019252,-0.021356
2023-05-12,-0.003697,-0.003672,-0.000794,0.014895,-0.003598,0.016279,-0.020812,-0.019827,0.010157,0.003889
2023-05-15,0.009867,-0.002608,0.028748,-0.001017,-0.00948,-0.010211,-0.013643,-0.017606,0.03126,0.013831
2023-05-16,0.000907,0.004394,0.006515,0.005811,-0.003692,-0.001792,-0.011803,-0.033073,-0.007974,-0.009265
2023-05-17,0.004673,0.001672,0.003301,-0.010341,-0.01321,0.015674,0.004398,0.025522,0.000242,0.01745
2023-05-18,-0.004047,-0.005334,-0.006898,0.000788,0.000984,-0.000453,0.007796,0.001017,0.006213,-0.006455
2023-05-19,0.007786,-0.00243,0.012042,-0.002023,0.003318,0.009,-0.015005,0.002293,0.016486,0.001472
2023-05-22,-0.003414,-0.006891,0.00759,-0.007005,-0.00197,0.00257,0.007175,-0.006868,-0.004806,-0.034968
2023-05-23,0.001735,0.00175,0.000728,-0.011264,-0.003851,-0.014878,0.018722,0.014226,-0.029558,-0.014142
2023-05-24,0.003497,-0.000526,0.001182,-0.002153,-0.004698,-0.005872,0.001252,0.006488,-0.017587,-0.000534
2023-05-25,0.007935,0.004558,0.016561,-0.005767,-0.00085,-0.012621,-0.005368,-0.011618,0.013772,0.020126
2023-05-26,0.006174,0.002279,0.002719,-0.031605,-0.015663,-0.02658,0.045467,0.040796,-0.022483,0.004672
2023-05-29,-0.006664,0.007259,-0.001149,0.007409,0.013825,0.010692,-0.005929,-0.006282,-0.01098,-0.00856
2023-05-30,0.007189,-0.001833,-0.002867,0.003241,-0.014246,0.019183,-0.017937,0.010206,0.001661,0.030487
2023-05-31,0.001569,-0.004188,-0.014747,0.001374,-0.017478,0.0052,0.009661,0.021974,0.023545,0.041066
2023-06-01,0.002485,0.005348,-0.004889,0.015335,-0.007302,-0.001637,-0.019014,-0.028075,0.000945,0.023855
2023-06-02,-0.002415,0.013896,0.00302,-0.009036,0.030694,-0.016255,0.014753,-0.010184,-0.019694,-0.03395
2023-06-05,0.004826,-0.006517,-0.00629,0.003487,-0.00968,0.009059,-0.009691,-0.003499,0.025363,0.023307
2023-06-06,-0.008522,-0.022767,-0.00351,-0.011457,-0.031723,0.007916,0.015607,0.006292,-0.009903,-0.011692
2023-06-07,0.002049,-0.004183,0.010251,0.004012,0.002184,0.004116,-0.01846,-0.019962,-0.002247,-0.016736
2023-06-08,0.004908,0.005558,-0.00418,-0.001491,-0.012287,-0.012475,0.009417,0.00837,0.003144,0.03009
2023-06-09,-0.00763,-0.009063,-0.009886,-0.000531,0.014886,0.000459,0.022952,0.032974,0.011481,-0.025905
2023-06-12,0.001099,0.000958,0.000754,0.003052,-0.006383,-0.00389,-0.005891,-0.018485,-0.032735,-0.025076
2023-06-13,-0.005519,-0.001126,-0.003703,0.000381,0.002432,0.007763,0.011275,0.009164,-0.003708,-0.024753
2023-06-14,-0.004861,0.005245,0.006504,0.000481,-0.002432,-0.000408,0.00558,-0.015026,-0.031222,-0.038458
2023-06-15,0.005636,0.005437,0.00459,-0.02309,-0.020052,-0.034343,0.045235,0.023596,-0.008888,0.009408
2023-06-16,-0.004365,0.001289,-0.009095,-0.019548,0.006963,0.015857,0.011843,0.010849,-0.008667,0.010604
2023-06-19,-0.008313,-0.008879,-0.004593,0.016092,-0.024001,-0.010556,0.025655,0.029085,0.025231,0.011478
2023-06-20,0.003752,0.011837,0.011938,-0.005382,0.015676,0.00114,-0.017863,-0.024094,0.00372,0.021259
2023-06-21,0.003362,-0.002413,-0.005799,-0.013931,0.008588,0.013105,-0.004984,0.010155,0.007563,0.02327
2023-06-22,0.013917,0.0047,0.008621,-0.00465,0.010387,0.007254,-0.012761,0.00647,0.045421,0.033197
2023-06-23,0.007504,-0.003412,0.012816,-0.016031,0.007906,0.018447,-0.018348,-0.009105,0.01153,0.005533
2023-06-26,0.000688,0.015572,-0.003903,-2.4e-05,0.017771,-0.015219,-0.000418,-0.015319,-0.013063,0.014458
2023-06-27,0.004812,0.012998,0.008545,-0.004516,-0.007574,-0.00865,-0.005044,-0.030585,-0.015381,0.010956
2023-06-28,0.002975,0.002273,-0.007147,0.001592,0.010358,0.028426,-0.028911,-0.011814,0.007139,0.022233
2023-06-29,0.006227,-0.017905,0.009171,-0.023276,-0.029744,-0.014468,0.036052,0.050532,0.005883,0.000299
2023-06-30,0.008608,-0.001598,0.021235,-0.011495,-0.00281,0.010326,-0.026464,-0.032048,,-0.00029
2023-07-03,-0.000285,-0.000785,0.005887,-0.012981,-0.004087,0.000457,0.01519,0.014841,-0.01417,-0.017234
2023-07-04,0.005871,0.018777,-0.000751,0.021202,0.010741,-0.017437,-0.026584,-0.037824,-0.03037,0.003376
2023-07-05,0.00234,0.000823,0.00343,0.016317,-0.005024,-0.01158,-0.001853,0.000914,0.013263,-0.0004
2023-07-06,-0.001399,-0.006123,-0.013127,-0.016224,-0.000655,0.002369,0.008313,0.013301,-0.005099,0.026058
2023-07-07,0.010718,0.009454,0.016386,0.004509,-0.006239,-0.01754,-0.013657,-0.014274,-0.007329,0.017755
2023-07-10,0.006386,0.009107,-0.00839,0.008646,0.016107,-0.001502,-0.013401,0.000943,-0.006559,0.006313
2023-07-11,-0.004992,0.002259,-0.002075,-0.007498,0.003086,-0.021136,0.026515,0.00908,-0.0098,-0.002584
2023-07-12,-0.000665,-0.004757,-0.012215,-0.003436,0.008859,0.022207,-0.019286,0.000436,-0.025173,-0.004048
2023-07-13,-0.00196,-0.001067,-0.007406,0.010395,0.007614,-0.008162,-0.002421,-0.002164,-0.009198,-0.012095
2023-07-14,0.002305,-0.004081,-0.012256,-0.000132,-0.008542,0.00736,-0.007093,-0.001572,-0.005963,0.020122
2023-07-17,0.00014,-0.00351,0.000489,-8.1e-05,0.001554,0.009207,0.003675,0.002373,0.033721,0.001628
2023-07-18,-0.003945,-0.007085,-0.001587,-0.006555,-0.005815,0.036936,-0.007429,0.001559,-0.003562,-0.010443
2023-07-19,0.009085,-0.005943,0.011601,-0.016137,-0.011043,-0.005173,0.009545,0.034287,0.034525,0.04781
2023-07-20,-0.00875,-0.000439,-0.021857,0.012429,0.023604,0.004723,0.000826,0.014351,-0.006214,-0.012355
2023-07-21,-0.005519,0.006867,-0.012259,0.007836,0.017109,0.003138,-0.003724,-0.015958,0.001028,-0.000641
2023-07-24,0.006271,-0.002789,0.000217,-0.002783,-0.022176,0.010216,-0.007946,-0.004945,0.017277,0.038384
2023-07-25,0.000413,-0.000853,-0.00721,-0.006526,-0.013281,0.012836,-0.001361,-0.00779,-0.009434,0.015022
2023-07-26,-0.004932,-0.009341,0.003071,0.007486,-0.01935,0.007746,0.000371,0.004766,0.002919,-0.001673
2023-07-27,-0.013664,-0.003063,-0.012792,0.00635,-0.007868,0.007794,0.022197,0.010464,-0.008115,-0.021627
2023-07-28,0.009742,0.003083,-0.00351,-0.007064,-0.000936,0.004579,-0.000984,0.01463,0.024153,0.040119
2023-07-31,-0.001553,-0.00189,0.001324,-0.003658,0.017681,0.029732,-0.018116,-0.003836,-0.00069,-0.015729
2023-08-01,0.007751,-0.009774,0.007711,-0.006357,-0.002257,-0.005661,-0.005601,0.012296,-0.004398,-0.004174
2023-08-02,-0.0043,0.006329,0.011124,-0.000899,0.006862,-0.002895,0.013515,-0.004505,0.012988,-0.021029
2023-08-03,0.002695,0.006135,0.004233,-0.00641,0.003646,0.006341,0.001465,-0.000292,0.02767,0.028004
2023-08-04,0.009903,0.007303,0.013267,-0.006959,-0.022789,-0.005271,-0.016451,-0.032655,-0.010525,0.039888
2023-08-07,-0.002803,-0.007689,-0.013714,0.016137,0.001039,0.012098,-0.021878,-0.017298,-0.003312,-0.003365
2023-08-08,-0.004268,0.001717,0.002393,0.004581,-0.001298,-0.038268,0.041114,0.027503,-0.011075,-0.036125
2023-08-09,0.00097,-0.007052,-0.002392,0.009109,-0.017792,-0.010996,0.012698,0.025165,0.01486,0.01355
2023-08-10,0.008021,0.000545,0.013708,-0.004449,-0.011838,-0.008812,-0.003488,-0.00569,0.028406,0.035941
2023-08-11,0.004625,0.003175,0.011077,-0.017335,-0.023826,0.000614,0.013965,0.014018,0.003189,0.034276
2023-08-14,0.005893,0.005158,-0.004425,-0.020131,0.013298,0.027491,-0.007341,0.008706,0.012235,0.02872
2023-08-15,0.00464,-0.012209,0.003273,-0.010003,-0.016627,0.002031,0.015402,0.028793,0.035178,0.021694
2023-08-16,-0.000429,0.004511,0.005956,-0.003047,-0.001557,-0.037077,0.033766,0.015232,0.004393,-0.005229
2023-08-17,-0.002438,-0.000567,-0.001287,-0.015926,0.001341,0.017009,0.002661,0.000508,-0.004106,0.007029
2023-08-18,-0.007169,0.004524,-0.015424,0.012194,0.013879,0.022151,-0.017443,-0.015921,-0.009183,-0.002729
2023-08-21,0.006528,0.013713,0.002556,-0.001157,,-0.000657,-0.00327,0.011668,0.002268,0.028973
2023-08-22,0.001096,-0.000757,-0.001046,-0.00955,-0.016023,0.01415,-0.001606,0.000875,0.010367,0.035007
2023-08-23,2.7e-05,0.013158,0.006858,0.002402,0.004152,-0.024318,0.005076,-0.019073,0.000997,0.017256
2023-08-24,0.005935,0.009336,-0.001031,-0.025318,0.005973,-0.014882,0.009968,0.001695,-0.040789,0.008788
2023-08-25,0.003172,-0.010218,0.004229,0.001219,-0.016326,0.019527,-0.020947,-0.0123,0.020979,0.026747
2023-08-28,-0.002882,-0.00064,-0.013046,0.013201,-0.006955,0.001583,-0.00495,-0.00349,-0.011805,0.002959
2023-08-29,0.009152,-0.000372,-0.001485,0.0048,-0.009608,0.001238,-0.003157,0.019271,0.041536,0.050033
2023-08-30,0.005359,-0.001017,0.014075,0.013986,0.003228,0.0205,-0.037263,-0.021077,0.033309,0.019485
2023-08-31,0.003307,0.006939,-0.000215,-0.005041,0.000698,-0.01684,0.011286,-0.000827,-0.018526,-0.00499
2023-09-01,-0.004894,-0.01636,-0.015925,0.009365,-0.014791,0.024592,-0.011682,0.004933,0.006669,0.007001
2023-09-04,0.001746,0.006896,-0.001241,0.011681,-0.0009,-0.004889,-0.005584,-0.010934,0.004886,0.012441
2023-09-05,-0.003005,-0.003949,0.006542,0.005903,0.002114,-0.007501,0.017342,0.022632,0.023281,-0.017261
2023-09-06,0.000851,-0.002609,-0.009267,-3.7e-05,-0.024505,0.005285,0.014041,0.019121,-0.020442,-0.004205
2023-09-07,-0.005632,-0.005413,0.011708,-0.006652,-0.01208,0.009421,-0.004944,-0.023349,-0.023363,-0.02341
2023-09-08,-0.005451,0.00126,-0.013369,-0.017703,-0.011476,0.008064,0.026647,0.018955,-0.02561,0.003508
2023-09-11,-0.004692,0.001922,-0.010191,0.019237,0.008432,0.009525,-0.016754,-0.014204,0.001383,-0.000261
2023-09-12,-0.009924,0.003331,-0.03855,0.022047,0.004485,0.031908,-0.010356,0.004251,-0.006678,0.018514
2023-09-13,0.004118,0.006313,-0.002807,0.007834,-0.010456,-0.0153,-0.015386,-0.037716,-0.012136,0.026285
2023-09-14,0.010964,-0.003815,0.021901,-0.012603,-0.010003,-0.006425,-0.015146,-0.018499,0.022569,0.036225
2023-09-15,-0.002371,-0.001603,-0.021813,-0.001103,-0.012763,0.018057,-0.011276,-0.008096,-0.011179,0.040652
2023-09-18,0.001903,0.002405,-0.00957,-0.003004,-0.006631,,-0.000296,-0.004709,-0.028014,0.015998
2023-09-19,0.002096,-0.003715,0.006006,-0.010597,-0.007805,7e-05,0.006825,0.010323,0.000373,0.004044
2023-09-20,0.003506,-0.003249,0.016445,-0.005408,-0.013363,-0.006917,0.005077,-0.012119,0.020079,-0.00223
2023-09-21,-0.000498,-0.008692,0.001032,-0.004041,-0.009538,0.001381,0.005652,0.010271,0.001553,0.001575
2023-09-22,-0.001444,0.000876,0.007899,0.004056,0.005496,-0.007017,-0.002197,-0.006834,-0.001727,-0.015386
2023-09-25,0.0063,-0.010124,0.011244,-0.012429,-0.008283,0.004866,-0.002164,0.004082,0.020034,0.005645
2023-09-26,-0.000731,0.009156,-0.009152,0.017111,0.028209,0.011346,-0.030866,-0.029599,0.006993,0.006791
2023-09-27,0.000387,-0.018954,-0.005569,0.000737,-0.02018,-0.002061,0.003124,0.011682,0.005685,0.004195
2023-09-28,-0.005542,2.6e-05,0.003851,-0.007245,0.005063,0.002677,0.020172,0.020755,-0.003434,-0.024053
2023-09-29,-0.006747,-0.014472,-0.003261,0.011239,-0.005229,0.023759,-0.005066,0.009574,-0.000996,-0.037915
2023-10-02,-0.001585,-0.009283,0.015652,0.004861,0.002851,-0.030395,0.021474,0.014042,0.030303,-0.02073
2023-10-03,0.004078,0.001499,0.001948,0.015291,0.006236,0.012653,-0.037387,-0.032887,0.004998,0.009584
2023-10-04,0.001058,0.002229,-0.00483,-0.005338,-0.019867,-0.016266,0.016527,0.011871,-0.009019,0.037906
2023-10-05,0.000118,0.009965,0.001526,-0.007298,0.011052,-0.012672,0.005519,-0.007109,-0.018489,0.001234
2023-10-06,-0.001178,-0.000971,0.010323,0.001463,0.009233,-0.006197,-0.007255,-0.007716,-0.002913,-0.01058
2023-10-09,0.004648,-0.007059,0.005174,-0.004728,-0.015974,-0.022928,0.017317,0.024311,0.005203,0.013779
2023-10-10,-0.003872,1.7e-05,-0.002984,0.010037,0.009312,0.002903,-0.001729,0.000149,0.002209,-0.017963
2023-10-11,0.005594,0.000623,0.003902,-0.004872,-0.001403,-0.010993,0.000216,0.006241,-0.017894,-0.00364
2023-10-12,-0.001589,0.004083,0.003881,0.009785,-0.000251,0.008562,-0.023128,-0.035746,-0.024686,-0.018812
2023-10-13,-0.007403,-0.012297,0.000752,0.017441,-0.001668,0.018124,-0.001107,0.011462,0.036414,-0.020074
2023-10-16,0.002779,0.004564,-0.004594,-0.009515,0.007845,0.006623,-0.007512,-0.00903,-0.018993,0.005822
2023-10-17,0.006986,-0.007952,0.009564,0.001671,0.015154,-0.005662,-0.008034,0.021659,0.02906,0.005699
2023-10-18,0.005613,0.003026,-0.006705,-0.006258,-0.001482,0.007481,0.001249,0.016173,0.010133,0.030758
2023-10-19,0.001326,-0.003277,0.001149,-0.025568,-0.021811,-0.004654,0.022361,0.004698,-0.049792,-0.026181
2023-10-20,-0.002564,-0.000659,-0.009653,0.003091,-0.016547,-0.016134,0.022082,0.014917,-0.012992,0.004734
2023-10-23,0.000944,0.006978,-0.003545,0.009292,0.006757,-0.006593,0.000149,-0.002715,0.01254,0.011315
2023-10-24,-0.004725,-0.008444,0.013871,0.01307,0.000372,-0.003312,-0.004345,-0.011658,0.005085,-0.038699
2023-10-25,0.005482,-0.004273,0.001019,-0.010931,-0.012346,0.009478,0.006143,0.014657,0.004464,0.002699
2023-10-26,0.001574,-0.004404,0.00941,-0.001184,-0.026514,-0.027383,0.019595,0.005908,-0.00405,0.006437
2023-10-27,-0.003688,0.003486,-0.00165,-0.006867,-0.009846,-0.028629,0.031946,0.006393,-0.015531,-0.00502
2023-10-30,-0.000843,0.002516,-0.025607,0.008758,0.009631,0.026014,-0.012052,0.010646,0.007388,0.022973
2023-10-31,0.006604,0.00179,0.003454,0.000984,0.007332,0.008008,-0.019845,-0.000931,0.034495,0.051373
2023-11-01,-0.008546,-0.003222,-0.010717,0.024881,-0.020149,-0.009828,0.021922,0.016245,0.013645,-0.003785
2023-11-02,-0.001215,0.004523,0.004747,0.006093,0.008366,0.000636,0.011254,0.016138,-0.000833,-0.032546
2023-11-03,-0.000396,0.000917,-0.000454,0.007563,0.029078,0.007904,-0.01644,0.003183,-0.006606,-0.023806
2023-11-06,0.01289,0.010006,-0.003821,-0.011453,-0.014126,-0.020072,0.00479,0.006133,-0.021843,0.041741
2023-11-07,-0.001785,0.000592,-0.002305,0.004622,0.012457,0.005677,0.005305,0.00735,0.005806,-0.029441
2023-11-08,-0.006496,-0.007672,0.011893,-0.002036,-0.010417,0.026084,-0.00705,-0.01969,0.001673,-0.032013
2023-11-09,0.012301,-0.003971,0.006342,-0.000655,-0.010575,-0.000875,-0.004371,0.025799,0.023218,0.025624
2023-11-10,-0.000192,0.007978,-0.011043,-0.00834,-0.00684,-0.023922,0.025498,0.005883,-0.038637,-0.005797
2023-11-13,-0.003323,-0.00693,-0.00671,0.012992,-0.020104,0.000917,-0.000558,-0.005614,-0.014753,-0.018074
2023-11-14,-0.000236,0.011688,0.003013,-0.009326,0.024805,-0.028383,0.029246,0.029145,-0.010354,-0.014518
2023-11-15,0.001742,-0.006775,-0.003829,0.023735,-0.018434,-0.014022,-0.010129,-0.009975,0.017127,0.020484
2023-11-16,-0.000638,0.013698,-0.010944,-0.000591,0.000183,-0.00077,-0.000148,-0.020975,-0.020529,0.014834
2023-11-17,0.004472,0.002509,-0.000876,0.006109,-0.017233,0.000931,-0.024291,-0.034478,-0.001304,0.044022
2023-11-20,-0.006865,-0.008483,-0.007645,0.013909,-0.007412,0.016506,-0.017537,-0.012138,-0.007198,0.001536
2023-11-21,0.003915,0.016784,-0.007268,-0.012834,0.020809,0.010705,-0.018235,-0.031526,-0.025304,0.024132
2023-11-22,0.007975,-0.005035,0.004096,0.004439,0.014371,0.018914,-0.029243,0.006033,0.037554,0.024368
2023-11-23,0.002987,0.006427,-0.005788,0.008675,-0.006838,0.005489,-0.021195,-0.033284,-0.001279,0.028532
2023-11-24,0.006057,0.012989,0.014049,-0.016799,0.018635,-0.011917,-0.00042,-0.016028,-0.007714,0.000367
2023-11-27,0.000151,-0.007928,4.1e-05,-0.000895,0.00042,0.012289,-0.007201,0.010932,0.009835,0.011619
2023-11-28,0.004387,-0.00135,-0.006847,-0.002801,-0.016976,0.01439,0.000568,0.01354,0.01893,0.037303
2023-11-29,-0.00024,-0.003809,0.00466,-0.001711,-0.010665,0.003324,0.004378,-0.005374,0.01969,0.005822
2023-11-30,-0.001451,-0.001398,0.00056,-0.006278,-0.006275,-0.008616,0.028872,,-0.010101,-0.028739
2023-12-01,-0.001815,-0.002029,0.001158,-0.018884,0.024579,0.00065,0.014648,0.022665,0.005623,-0.012543
2023-12-04,0.002063,0.004873,0.003731,0.006122,0.020845,-0.004065,-0.001131,0.00912,0.004471,-0.020391
2023-12-05,-0.000228,0.007227,0.001354,0.019509,0.005409,0.005648,-0.022348,-0.030261,-0.002421,-0.005502
2023-12-06,-0.001551,0.014702,-0.016794,0.000224,0.032118,0.017567,-0.017295,-0.018011,-0.022155,-0.000363
2023-12-07,-0.003291,-0.003547,0.00378,-0.0103,0.008279,-0.001626,0.008344,-0.003094,-0.010615,-0.028716
2023-12-08,-0.004568,0.006035,0.006488,0.008232,-0.004613,-0.00647,0.005003,-0.006326,-0.009565,-0.009742
2023-12-11,0.000924,0.008729,-0.018579,-0.004036,0.000917,0.025379,-0.009337,-0.008098,0.009518,0.041556
2023-12-12,-0.00749,-0.000238,0.001297,0.024592,0.009621,-0.01287,0.00358,0.003972,0.015942,-0.018505
2023-12-13,-0.00909,-0.007166,-0.000415,-0.001093,0.010391,0.001407,0.017318,0.009389,-0.011447,
2023-12-14,0.004124,0.011582,0.006834,0.004087,0.012288,0.006192,-0.019219,-0.021203,0.005237,0.010898
2023-12-15,-0.002124,-0.007057,0.009004,0.01964,-0.00609,0.014871,-0.038237,-0.035563,-0.004526,-0.008317
2023-12-18,-0.00325,0.008661,-0.011994,0.016344,0.012827,0.002074,-0.013867,-0.026519,-0.00519,0.002053
2023-12-19,0.003178,-0.0028,0.003834,0.00382,-0.018619,0.019016,-0.028136,-0.026032,0.002536,0.028339
2023-12-20,0.001924,-0.006458,0.006745,0.011302,-0.003255,0.011045,-0.008515,0.01558,0.029291,0.004306
2023-12-21,0.003228,0.006155,0.00127,-0.009911,0.011704,-0.008247,0.014271,0.015108,0.01012,0.008041
2023-12-22,0.001733,0.008273,-0.010867,-0.003925,0.010458,-0.008775,0.00625,0.012924,-0.023351,0.003889
2023-12-25,0.00143,-0.011624,-0.008784,0.002077,-0.004358,0.010596,0.003059,0.030299,0.038307,0.026665
2023-12-26,0.003207,-0.001883,-0.005837,-0.010006,-0.005422,0.014647,-0.003149,0.006186,0.008444,0.030619
2023-12-27,-0.001332,0.003222,0.010425,0.003473,0.004979,-0.003515,-0.010577,-0.014647,-0.025772,-0.020415
2023-12-28,-0.005217,-0.01177,-2e-06,-0.010081,-0.009491,0.01481,0.016739,0.011578,-0.000314,-0.030695
2023-12-29,0.007417,0.008455,-0.002014,-0.003558,0.013459,-0.000682,-0.002606,0.010915,0.022427,0.035532
2024-01-01,-0.000998,-0.01319,0.001359,0.000835,0.000159,-0.019446,0.017456,0.021074,0.014792,-0.016281
2024-01-02,0.000863,0.001906,-0.006073,-0.002467,0.003902,0.014725,-0.00825,-0.005565,-0.011102,-0.001255
2024-01-03,0.002558,0.00642,-0.000958,-0.004334,-0.009003,-0.005026,-0.004379,-0.029494,-0.029412,-0.000335
2024-01-04,0.002399,-0.007316,-0.009516,0.005503,-0.001341,0.015573,-0.001106,0.017185,0.044319,0.017426
2024-01-05,0.004714,0.01019,-0.006952,-0.010253,0.019048,0.013345,-0.016974,-0.006593,-0.013094,0.024305
2024-01-08,0.002392,0.009974,-0.009136,0.002353,-0.005347,-0.020776,0.012996,0.005383,-0.020303,0.01236
2024-01-09,0.003126,0.002607,0.003804,-0.000644,-0.022524,-0.009968,0.016932,0.007328,0.023278,0.026988
2024-01-10,0.004239,0.001972,0.016126,-0.021909,0.012172,0.001552,0.002181,-0.00165,-0.015974,-0.022062
2024-01-11,-0.004135,-0.00246,0.006107,0.000926,0.001592,-0.017371,0.02392,0.01881,-0.000503,-0.028086
2024-01-12,-2.2e-05,0.007576,-0.002926,-0.011449,0.010835,-0.011716,0.019441,0.014176,-0.026301,-0.016408
2024-01-15,0.001633,-0.012022,-0.00268,0.001592,0.005511,0.0199,-0.023137,-0.004493,-0.002559,-0.008721
2024-01-16,1.6e-05,0.004339,-0.007178,-0.000963,-0.006623,0.005804,0.003056,-0.002255,0.005725,0.019918
2024-01-17,0.002408,0.003066,-0.000755,0.011106,0.005297,0.022944,-0.027329,-8.5e-05,0.013995,0.024461
2024-01-18,0.000925,0.002397,-0.009709,0.01064,0.01461,0.022153,-0.023522,-0.009334,0.007655,0.004332
2024-01-19,-0.003195,-0.005639,-0.002036,0.014312,-0.004261,0.004369,-0.013138,-0.020195,0.002458,-0.012927
2024-01-22,-0.001077,-0.003602,0.013327,0.001108,0.013422,0.019405,-0.020672,-0.018389,0.008048,-0.022602
2024-01-23,0.007122,0.00272,0.017399,0.022813,-0.022083,-0.019694,-0.021341,-0.034898,0.014799,0.019829
2024-01-24,-0.001748,-9.9e-05,-0.024965,0.003983,-0.014355,0.01432,-0.006572,-0.002267,0.005357,0.056359
2024-01-25,-0.001584,-0.000647,0.008914,0.0102,0.007946,-0.002689,-0.008155,-0.01052,0.002151,-0.021555
2024-01-26,0.000143,-0.00419,-0.005732,0.009067,-0.00856,0.011941,-0.017197,-0.006244,-0.001782,0.014991
2024-01-29,0.001904,-0.009272,0.001753,-0.000515,-0.00423,0.008675,0.001131,0.02689,0.025686,0.014563
2024-01-30,0.001918,0.012822,0.001775,-0.007506,0.025579,0.033138,-0.029758,-0.01457,-0.021595,0.000474
2024-01-31,0.005561,0.003457,0.007988,-0.012415,-0.004027,0.00524,-0.011078,-0.00904,-0.010915,0.023687
2024-02-01,-0.009043,-0.005325,-0.007162,0.032959,-0.014423,0.010019,-0.012735,-0.021828,0.017838,-0.004874
2024-02-02,-0.001579,0.001661,0.002132,-0.000336,0.006588,0.001122,-5.5e-05,-0.000149,-0.032556,-0.039942
2024-02-05,0.001668,-0.008953,-0.010337,-0.003986,-0.018154,0.037436,-0.026501,-0.010055,-0.01006,0.021964
2024-02-06,0.00554,-0.004236,-0.015144,0.013633,-0.004649,0.010421,-0.019142,0.000491,0.011385,0.023548
2024-02-07,-0.005563,0.000465,-0.002027,-0.00824,0.003225,0.001297,0.014439,0.008809,-0.012282,-0.015902
2024-02-08,-0.000209,0.001278,0.006565,0.007743,-0.009332,0.010641,-0.018054,-0.02495,-0.014005,-0.011425
2024-02-09,-0.003644,0.007569,0.011926,0.019296,-0.006891,-0.012148,-0.002962,-0.032631,-0.009568,-0.031002
2024-02-12,-0.014611,-0.005162,-0.01164,0.005044,0.007836,0.029922,0.008342,0.009068,-0.003178,-0.040761
2024-02-13,-0.006761,0.006689,-0.005088,-0.001599,0.001202,-0.017622,0.03627,0.019991,-0.027342,-0.034826
2024-02-14,-0.000211,-0.003184,-0.004665,0.007602,0.011294,0.020405,-0.033351,-0.023397,0.000633,0.010211
2024-02-15,0.001253,0.011697,0.001534,-0.001564,0.010466,-0.012218,-0.001964,-0.013457,-0.015194,0.009704
2024-02-16,-0.000248,0.004536,-0.004284,-0.006278,-0.004395,-0.008178,0.016387,0.011433,-0.025927,-0.012759
2024-02-19,-0.003214,-0.004758,-0.003931,-0.005484,-0.017671,-0.012877,0.023998,0.015692,-0.01414,-0.002116
2024-02-20,-0.003824,-0.009063,0.000165,0.010241,0.007662,0.012272,0.00441,0.015934,0.013659,-0.046136
2024-02-21,-0.003919,0.005549,-0.006083,0.001874,0.002752,-0.028303,0.013709,-0.005121,-0.026435,-0.001716
2024-02-22,0.001385,-0.005445,0.000919,-0.013164,-0.00366,0.006352,0.007745,0.011564,0.018895,0.015784
2024-02-23,-0.002538,0.000267,-0.02009,0.009396,0.013401,-0.005424,0.01696,0.032793,-0.004151,-0.019909
2024-02-26,0.002648,-0.00393,0.008683,0.010315,-0.000107,-0.002455,-0.009303,0.002103,0.02846,0.014533
2024-02-27,-0.006353,-0.001592,0.006151,0.011042,0.018876,0.008554,-0.010203,-0.013758,0.010278,-0.028706
2024-02-28,-0.002455,0.000802,0.006307,0.003366,0.008198,-0.000626,0.00144,0.001139,0.005702,-0.013949
2024-02-29,0.000386,-0.003622,-0.004553,0.002111,-0.013539,0.001412,0.009602,0.021865,-0.007109,-0.005925
2024-03-01,0.002431,0.005888,0.003279,0.00904,0.012066,0.011681,-0.035669,-0.045633,-0.025436,-0.020567
2024-03-04,0.002026,-0.011062,0.002426,0.004409,-0.010086,-0.002499,0.001906,0.025656,0.003201,-8e-05
2024-03-05,-0.003202,-0.005396,0.007373,0.00238,0.000889,0.003602,-0.00518,-0.012365,0.007104,-0.010178
2024-03-06,-0.006833,-0.001529,-0.013005,0.020982,0.005798,-0.000607,0.002013,0.006421,-0.010611,-0.030648
2024-03-07,0.001303,0.000335,-0.00848,0.005637,-0.010836,-0.015868,0.011527,0.00771,0.019255,0.037635
2024-03-08,0.005137,0.001092,-0.002865,-0.013174,0.002339,0.017141,-0.004264,0.002994,0.023518,0.03406
2024-03-11,0.003317,0.007068,0.002053,0.013752,0.005006,-0.006419,-0.016965,-0.024596,-0.002309,0.002088
2024-03-12,-0.001118,0.008872,-0.010029,-0.001524,0.013829,0.013526,0.005614,0.006699,0.007177,-0.002958
2024-03-13,-0.003907,0.005991,-0.014986,-0.015388,-0.004804,0.000257,0.022306,0.007735,-0.042761,-0.006653
2024-03-14,0.007508,0.007957,0.011728,0.002164,-0.000271,-0.003935,-0.021042,-0.030612,-0.016164,0.002061
2024-03-15,-0.002327,-0.003156,-0.001811,-0.007895,0.003403,-0.011674,0.023736,0.017812,0.001755,-0.015971
2024-03-18,-0.000771,0.007898,0.012956,-0.008321,-0.010736,-0.018419,0.01991,-0.002774,-0.022141,-0.011331
2024-03-19,-0.002867,-0.003622,0.011043,-0.003749,-0.009494,-0.0125,0.020993,0.002082,0.025116,-0.001051
2024-03-20,-0.002407,-0.019631,-0.00025,-0.005936,-0.022557,-0.000876,0.008667,0.01324,-0.016049,-0.016405
2024-03-21,-0.004176,0.003951,0.017544,-0.008588,-0.003543,-0.012733,0.017612,-0.011572,-0.022793,-0.038233
2024-03-22,0.003518,0.000233,0.010491,-0.003973,-0.003108,-0.003613,-0.006101,-0.009371,-0.002285,0.003892
2024-03-25,-0.007534,0.018246,-0.003646,0.023894,0.04425,-0.006833,-0.011852,-0.019289,-0.009806,-0.030442
2024-03-26,0.002981,0.008479,-0.0016,-0.000246,0.017251,-0.00133,-0.009636,-0.013643,0.001383,0.006665
2024-03-27,0.005164,0.005028,0.003248,0.009435,0.008876,-0.004084,-0.014524,-0.005874,0.026201,0.031039
2024-03-28,0.001162,0.007745,-0.001096,-0.007972,-0.008207,-0.00798,0.006938,-0.005537,-0.022679,0.018698
2024-03-29,-0.000484,-0.011698,0.008441,0.013408,-0.00479,0.014797,-0.018168,-0.010641,0.019437,-0.018464
2024-04-01,-0.010809,-0.01022,-0.019341,0.019729,-0.009083,0.013965,-0.0035,0.000421,-0.00203,-0.007023
2024-04-02,0.000136,-0.005356,-0.014313,-0.001143,-0.01049,-0.003073,0.022746,0.038894,0.017267,0.021611
2024-04-03,0.004188,0.00013,-0.003635,-0.010019,-0.01503,-0.011365,0.01453,0.019242,-0.004383,0.032603
2024-04-04,-0.00708,-0.008636,-0.000992,0.004742,0.013542,0.019807,-0.005618,0.008209,0.012519,-0.019906
2024-04-05,0.002093,0.003257,-0.003385,-0.014752,-0.000757,0.000904,0.011296,0.017227,0.015822,0.045338
2024-04-08,0.001646,-0.000836,0.008607,0.009677,-0.022216,-0.005993,-0.005087,-0.015385,-0.017128,-0.012342
2024-04-09,0.009931,-0.005125,0.00487,-0.005277,-0.019238,0.010506,-0.006093,0.015583,0.043154,0.054421
2024-04-10,-0.000442,0.013349,-0.01698,0.008012,0.032638,0.005336,0.00231,0.016245,0.009098,-0.001378
2024-04-11,0.003047,0.000609,0.008108,0.000605,-0.003539,0.016797,-0.031424,-0.037106,0.005063,0.01901
2024-04-12,-0.008818,0.006268,-0.006635,0.000608,0.00874,-0.006999,0.025688,0.016831,-0.02384,-0.033335
2024-04-15,-0.002955,-0.00108,-0.009871,0.029994,0.021605,0.008433,-0.027124,-0.012907,0.035431,0.009064
2024-04-16,0.011528,0.002662,0.000982,-0.032389,0.006404,-0.006668,0.012788,0.024973,-0.007566,0.023533
2024-04-17,0.002568,-0.007636,0.007532,-0.000532,-0.007077,0.015681,-0.011763,-0.012861,0.040486,0.016919
2024-04-18,0.002276,0.00551,0.009975,0.011797,0.020607,-0.002171,-0.016885,-0.014249,0.01558,-0.008258
2024-04-19,0.006118,0.010311,-0.0019,0.006838,0.006697,-0.008256,-0.002758,0.009309,0.018853,0.034959
2024-04-22,0.000289,0.00545,0.001171,-0.005897,0.020777,0.024599,-0.017237,-0.013264,-0.004208,-0.008759
2024-04-23,0.002888,0.000628,0.004488,-0.002134,-0.009169,-0.024829,0.021488,0.018803,0.004007,0.00544
2024-04-24,0.003063,-0.005318,0.004564,-0.019919,0.003172,0.019527,-0.012271,-0.000708,-0.001344,0.018801
2024-04-25,-0.005614,-0.007267,-0.007897,0.014474,0.0021,-0.006606,0.014768,0.021936,-0.002842,-0.037498
2024-04-26,0.000939,0.000681,0.00415,0.009175,-0.005202,-0.003596,-0.005706,-0.000383,-0.008443,-0.004872
2024-04-29,-7.1e-05,0.000203,-0.015435,0.001086,0.008253,0.018044,0.003531,0.025248,0.022844,0.020818
2024-04-30,0.004313,0.010938,0.002294,-0.016774,0.018086,-0.015511,0.008971,0.002168,-0.021743,-0.001139
2024-05-01,-0.004916,-0.006062,-0.008488,0.014925,-0.009663,0.004413,-0.001752,-0.003253,-0.014268,-0.021996
2024-05-02,-0.004654,0.008933,0.009347,-0.00689,0.023904,0.010195,-0.010025,-0.027282,-0.020222,-0.028351
2024-05-03,-0.004282,-0.003941,0.017486,-0.002549,0.0242,0.017988,-0.018522,-0.016111,0.014799,-0.027167
2024-05-06,-0.002462,0.016929,0.01204,0.000169,0.006545,-0.011518,-0.003188,-0.044916,-0.036237,-0.029343
2024-05-07,0.006353,-0.010429,0.011796,-0.021037,-0.017254,0.00034,0.008545,0.015759,-0.009107,-0.00326
2024-05-08,0.008412,0.00329,0.016335,-0.019715,0.001766,-0.01904,0.011535,0.002001,0.001101,0.001975
2024-05-09,-0.004285,0.005315,-0.005609,0.009214,-0.005935,0.001149,-0.0002,-0.014037,-0.027692,-0.015861
2024-05-10,0.004142,-0.000102,-0.012096,0.018423,-0.000145,0.017644,-0.038984,-0.028342,-0.004353,0.0184
2024-05-13,-0.006761,0.005359,0.006725,0.006639,0.009861,-0.00501,0.014851,0.008681,-0.005083,-0.035708
2024-05-14,-0.005242,-0.004961,-0.005976,0.010736,-0.007869,-0.00588,-0.002616,-0.0084,-0.009463,0.001845
2024-05-15,-0.003127,-0.003437,0.006647,-0.022,0.004949,0.031847,-0.001284,0.001831,-0.008336,-0.01583
2024-05-16,0.003371,-0.000152,-0.000328,-0.004074,-0.005815,0.016866,-0.011065,-0.015319,0.005778,0.003963
2024-05-17,-0.00433,0.011036,-0.015887,-0.007995,0.001822,-0.008677,0.018359,0.004307,-0.035143,0.011792
2024-05-20,0.001153,0.005212,-0.006189,-0.00607,-0.002991,-0.002277,0.012271,0.013879,-0.003126,0.018128
2024-05-21,-0.000358,-0.002651,0.000234,0.006,-0.009158,0.001549,-0.004289,-0.00531,-0.014367,-0.013476
2024-05-22,0.001458,0.00177,0.013771,0.002206,0.011843,0.003214,-0.009085,-0.008937,0.010129,-0.017593
2024-05-23,-0.007626,-0.004712,-0.004617,0.023428,0.013753,0.031283,-0.019218,-0.001208,0.031871,-0.014047
2024-05-24,0.001856,0.023835,-0.010007,0.006342,0.011411,-0.02172,0.006012,-0.01012,0.011262,0.054435
2024-05-27,0.002374,-0.005555,0.000616,0.001514,-0.0082,-0.010531,0.004538,0.00185,0.010727,0.010063
2024-05-28,0.005664,0.003941,0.01062,0.001215,0.009398,0.002968,-0.016204,-0.012619,0.005573,-0.002936
2024-05-29,-0.001307,0.002128,-0.00694,0.01027,-0.000567,-0.009494,0.014309,0.015563,0.024466,0.016906
2024-05-30,0.003459,0.008776,-0.007925,0.005584,-0.005179,-0.036696,0.031261,0.021585,,0.015874
2024-05-31,-0.000884,-0.004367,0.004864,0.001622,-0.008997,0.006298,-0.017075,-0.038214,-0.005424,-0.00469
2024-06-03,-0.004797,0.001618,-0.017839,0.019017,-0.009412,-0.011111,0.010622,0.006685,0.007172,0.017049
2024-06-04,0.000958,0.007457,-0.011337,0.003002,0.003035,-0.008397,0.010221,0.007027,-0.00721,0.004912
2024-06-05,-0.002139,1e-05,4.9e-05,0.003468,0.002083,0.003776,-0.004483,-0.007784,-0.024819,-0.026185
2024-06-06,-0.000649,0.012591,-0.009148,0.010935,0.026842,0.014219,-0.031573,-0.031048,-0.013759,0.007841
2024-06-07,0.002391,0.005353,-0.00081,0.032474,-0.015389,-0.008036,-0.011026,-0.013165,0.025851,0.020316
2024-06-10,-0.004567,0.00127,-0.01253,-0.00044,-0.017693,-0.012088,0.022198,0.008403,-0.017281,0.009684
2024-06-11,0.007052,0.00154,0.013284,0.011608,-0.026525,-0.006871,-0.019976,-0.031035,0.000592,0.020289
2024-06-12,-0.001071,-0.005189,0.002592,-0.018466,-0.015102,0.010995,0.013022,0.013673,0.000125,0.013789
2024-06-13,-0.001983,-0.002345,0.008432,0.009551,0.000441,0.003122,-0.017681,-0.031826,0.004666,-0.008851
2024-06-14,0.002338,0.013443,-0.014525,-0.003916,-0.019157,-0.00626,0.013525,0.005203,-0.004437,0.059413
2024-06-17,0.001207,-0.000534,0.018731,-0.032504,-0.004254,0.001893,0.005656,-0.018744,-0.024693,-0.00681
2024-06-18,-0.006324,-0.008128,-0.000565,-0.008181,-0.009414,0.022716,-0.012115,-0.025973,-0.047413,-0.039915
2024-06-19,0.003254,-0.000361,0.010405,-0.011385,-0.000184,-0.017978,0.006811,0.001273,-0.009921,0.005188
2024-06-20,0.004515,0.004677,0.006909,0.014005,0.008667,-0.001821,-0.022612,-0.016818,0.013317,0.008608
2024-06-21,0.003672,0.002591,-0.002073,0.000473,0.00769,-0.022848,0.004099,0.003777,-0.006152,0.008691
2024-06-24,-0.007611,0.005278,-0.013711,0.024914,0.001931,0.018155,-0.028052,-0.038782,-0.017042,-0.001376
2024-06-25,-0.011193,-0.005808,-0.0083,0.005604,0.004366,0.00847,0.002618,-0.009062,-0.022555,-0.036745
2024-06-26,0.007695,-0.002023,0.012896,0.008855,-0.004591,-0.004126,-0.021531,-0.020716,0.02739,0.019152
2024-06-27,-0.001367,-0.002148,-0.008931,-0.008195,-0.01228,0.012728,0.009541,0.006404,-0.009998,0.001444
2024-06-28,0.000396,-0.000861,-0.007822,-0.000998,-0.002081,-0.005478,0.012513,0.023352,-0.003275,0.010032
2024-07-01,-0.004526,0.009185,0.005291,0.020544,0.013859,-0.02087,-0.001465,-0.017683,0.002924,-0.016207
2024-07-02,0.001177,0.000516,0.011638,0.015057,0.002557,-0.012858,-0.003055,0.000148,0.006876,-0.01805
2024-07-03,-0.002013,0.001592,-0.009037,-0.007751,-0.015245,0.010848,0.002512,-0.005116,-0.027614,0.008908
2024-07-04,0.007718,-0.007031,0.010571,0.006585,-0.005011,0.002469,-0.018241,0.004136,0.024149,0.01915
2024-07-05,-0.00125,-0.007145,-0.005151,-0.009315,-0.007521,0.015714,0.000798,0.007377,-0.006336,0.002625
2024-07-08,-0.000249,0.003092,-0.001639,-0.001817,0.008797,0.001769,0.00843,0.015908,-0.00771,-0.016574
2024-07-09,-0.002146,0.005947,-0.002573,-0.004999,0.00758,0.0064,-0.003195,-0.015852,-0.020058,-0.004843
2024-07-10,-0.004175,-0.006823,0.005544,0.00348,-0.018989,-0.007285,0.007295,-0.015514,0.012313,0.001913
2024-07-11,-0.008351,0.001217,-0.009592,-0.000109,0.0162,-0.002109,0.007167,-0.003939,-0.019388,-0.02404
2024-07-12,-0.007193,0.003311,-0.016444,0.001246,-0.005837,-0.006654,0.026522,0.020975,-0.043545,-0.030164
2024-07-15,0.000781,0.008739,0.014519,-0.005655,-0.00704,-0.017371,0.015541,-0.017485,-0.001626,-0.011741
2024-07-16,0.000544,-0.000171,0.007255,0.004463,-0.011376,-0.006179,-0.001539,-0.005848,-0.018498,-0.010738
2024-07-17,0.00419,0.007976,-0.000438,0.005321,0.006577,-0.007998,-0.013552,-0.016612,-0.009872,0.015999
2024-07-18,-0.001363,-0.010659,0.00448,-0.001015,-0.014326,-0.002257,0.012427,0.02382,-0.004454,-0.015881
2024-07-19,-0.009323,0.015576,-0.017316,0.035031,0.021602,0.017618,-0.033013,-0.043785,-0.030307,-0.021379
2024-07-22,-0.000219,0.001629,-0.00443,0.009302,-0.000225,0.022567,-0.021858,-0.017386,-0.008712,-0.006191
2024-07-23,0.00147,-0.006451,-0.007488,-0.009414,-0.001708,0.017401,-0.000294,0.014135,0.029355,0.033987
2024-07-24,-0.006878,-0.006831,0.001134,-0.000771,-0.007218,0.009949,0.002737,0.003215,-0.022132,-0.022753
2024-07-25,0.001428,0.004185,0.017547,-0.003574,-0.006911,-0.036737,0.015715,-0.007612,-0.018692,-0.016374
2024-07-26,-0.011522,-0.002207,-0.016134,0.008774,0.018239,0.004675,0.00213,0.005269,-0.019146,-0.02233
2024-07-29,0.006338,0.005234,0.004911,0.012624,-9.3e-05,-0.026047,0.014504,0.018924,0.043205,0.022833
2024-07-30,0.006487,0.001847,0.007861,-0.005005,0.009604,0.007409,-0.008187,0.002195,0.00362,-0.009008
2024-07-31,-0.011418,-0.010405,0.001254,0.007989,0.01271,0.03395,0.002522,0.024827,0.007001,-0.059791
2024-08-01,-0.000651,0.012376,0.007348,0.000658,0.011639,-0.025438,0.010645,-0.009524,-0.022481,-0.020043
2024-08-02,0.001824,0.004639,-0.002603,-0.009674,-0.005629,-0.004077,0.011278,0.013214,-0.008127,0.018366
2024-08-05,0.000654,2.8e-05,-0.003197,-0.016001,-0.001498,0.027508,0.004204,0.008409,0.00886,0.006496
2024-08-06,-0.000659,0.001882,0.003535,0.005259,-0.00714,-0.003569,-0.004398,-0.022997,-0.012656,-0.013607
2024-08-07,0.00589,-0.002102,0.007517,0.013578,-0.003594,-0.016704,-0.004333,0.003695,0.035591,0.025481
2024-08-08,-0.00038,-0.009891,0.008547,-0.02657,-0.003353,-0.004637,0.040316,0.049097,0.017102,-0.012882
2024-08-09,0.009327,0.001305,0.007748,-0.008991,-0.010252,-0.023246,0.014722,0.009122,0.017866,0.023917
2024-08-12,0.002598,0.011135,-0.000258,0.003137,0.001981,0.010774,-0.013619,-0.017438,,0.007697
2024-08-13,-0.001722,-0.002406,0.002262,0.000992,0.000555,-0.004494,0.000881,0.003262,-0.003232,-0.006328
2024-08-14,0.008485,0.001953,0.004564,-0.00257,-0.016674,-0.004252,-0.009395,-0.011144,-0.010348,0.023781
2024-08-15,-0.007113,-0.009144,-0.001764,0.009561,0.000489,-0.016434,0.030404,0.034225,0.010163,-0.038051
2024-08-16,0.003181,-0.003705,-0.003782,-0.000297,0.004988,0.018824,-0.033218,-0.033415,0.013157,0.029842
2024-08-19,0.001027,-0.010513,-0.006492,-0.006656,-0.015467,0.012135,0.003936,0.023859,0.004446,0.015244
2024-08-20,0.003038,-0.008591,0.012712,-0.017125,-0.013771,0.01223,-0.004559,-0.003207,-0.012655,-0.008514
2024-08-21,0.000456,0.005937,-0.007348,0.020116,-0.01306,-0.023485,0.000368,-0.017398,0.018301,0.042284
2024-08-22,-0.011855,0.001608,-0.006711,0.001701,0.009181,0.000852,0.01986,0.015926,-0.023392,-0.037482
2024-08-23,-0.000807,-0.001268,0.002347,-0.009625,-0.005024,0.011211,-0.01088,-0.019151,-0.02928,-0.002813
2024-08-26,0.005145,0.004625,0.017036,-0.00814,-0.001875,-0.018032,0.008699,-0.005108,0.007528,0.005892
2024-08-27,-0.004164,-0.005927,-0.006678,0.003651,-0.00235,0.004204,0.011242,0.02306,-0.013108,-0.029052
2024-08-28,0.000397,-0.002442,0.004371,-0.019576,-0.005112,-0.001464,0.005439,-0.00758,-0.037622,-0.014792
2024-08-29,-0.000899,0.008041,0.001333,-0.000627,0.015414,-0.011921,0.02082,0.026685,0.024409,0.012799
2024-08-30,0.002762,-0.004954,-0.011959,-0.005738,-0.014094,-0.003547,0.024646,0.039943,0.00883,0.014543
2024-09-02,0.007383,0.011917,0.014157,-0.020145,0.011111,-0.009806,1.8e-05,-0.010913,0.002993,0.026819
2024-09-03,0.000711,0.001866,-0.007946,0.00017,0.016876,0.007509,0.00368,0.011843,0.007442,-0.013639
2024-09-04,0.000615,-0.011934,0.00931,0.00253,-0.000665,0.001234,0.004827,0.016461,0.028299,-0.018772
2024-09-05,0.001737,-0.006251,-0.002429,0.007746,0.000299,-0.004301,-0.003526,0.008263,0.000747,
2024-09-06,-0.00631,-0.006868,-0.016959,-0.008626,-0.008325,-0.012168,0.031988,0.025364,-0.025273,-0.014286
2024-09-09,0.009115,0.003851,0.017213,-0.008349,0.002377,-0.002328,-0.02845,-0.034626,-0.001834,
2024-09-10,0.00106,-0.004159,0.001536,-0.001436,0.012483,0.015773,-0.006928,0.012065,0.015274,-0.002362
2024-09-11,-0.002057,0.00613,-0.010546,0.01587,0.004915,7e-05,-0.011222,-0.011016,0.006924,0.02158
2024-09-12,-0.010715,-0.0056,-0.006499,-0.000698,0.013112,0.025565,0.005378,0.014612,0.001729,-0.029516
2024-09-13,-0.00554,0.014794,-0.00787,-0.014675,-0.001702,-0.003616,0.024117,-0.006666,-0.034634,-0.001781
2024-09-16,0.004023,0.01397,0.005025,-0.012228,0.01749,-0.020306,0.022126,0.015933,-0.008845,-0.005727
2024-09-17,-0.006903,0.002535,-0.006424,-0.006628,0.001963,0.000279,,0.009302,0.007536,-0.007341
2024-09-18,-0.00572,0.001658,-0.004897,0.007174,0.022891,9.4e-05,-0.014577,-0.02711,-0.005312,-0.01222
2024-09-19,0.000335,0.00398,0.015462,0.009409,0.00213,-0.002314,-0.012745,-0.016621,0.004092,-0.003876
2024-09-20,-0.003266,0.008939,-0.001676,,0.019749,0.006421,-0.004551,-0.013911,-0.019194,-0.028528
2024-09-23,-0.004694,0.003367,0.006992,-0.000426,-0.001925,-0.004533,0.012697,-0.000202,-0.004996,-0.014269
2024-09-24,-0.000855,0.005709,0.000119,-0.015923,0.011682,0.017738,-0.011114,-0.037785,-0.017574,-0.015366
2024-09-25,0.001011,0.013124,-6.5e-05,0.01087,0.017769,-0.007552,-0.005544,-0.008743,0.019165,0.021979
2024-09-26,-0.00177,-2.8e-05,-0.018746,-0.005599,-0.012239,0.006016,0.009264,0.002767,0.022269,0.057803
2024-09-27,-0.006349,-0.0093,-0.00554,0.002579,-0.003221,-0.004646,0.021403,0.023601,-0.002865,-0.029654
2024-09-30,-0.002918,0.002069,-0.00463,0.007884,0.008856,0.016631,-0.018076,-0.019082,0.006055,0.008416
2024-10-01,0.008955,0.015498,-0.009642,0.007299,0.02924,0.006492,-0.015358,0.007087,0.024876,0.033287
2024-10-02,0.008504,0.004385,0.009143,0.002767,0.009808,0.012811,-0.025377,-0.007744,0.041285,0.046224
2024-10-03,-0.007566,-0.006983,-0.007028,-0.009882,-0.009698,-0.003167,0.021132,0.005004,-0.027521,-0.02348
2024-10-04,-0.000444,-0.001417,-0.001648,-0.005883,0.004474,0.005346,0.005846,0.010047,-0.015525,-0.023516
2024-10-07,0.002447,0.008546,0.004179,-0.01358,-5.2e-05,-0.023196,0.018257,0.006305,-0.0231,0.006076
2024-10-08,0.002497,-0.00729,0.007229,-0.013927,0.006925,0.013902,0.002934,0.021313,0.009748,-0.012378
2024-10-09,0.010319,0.00126,0.00096,-0.006291,0.005458,0.01029,-0.020377,-0.006134,0.04004,
2024-10-10,-0.005175,-0.007606,-0.01239,0.000947,0.006838,0.039274,-0.00273,0.020522,0.020457,-0.008788
2024-10-11,0.001694,-0.004796,0.002504,-0.002711,0.001006,-0.000266,-0.00449,0.00149,0.001736,0.00784
2024-10-14,-0.008364,0.007751,-0.01684,0.007592,0.018895,0.007961,0.008979,0.015491,-0.014656,-0.013545
2024-10-15,-0.008792,0.014578,0.006382,0.021081,0.025562,-0.002391,-0.020779,-0.045892,-0.01447,-0.029387
2024-10-16,0.004087,-0.007054,0.007687,-0.018592,-0.013044,-0.020171,0.03221,0.032072,0.023518,0.018034
2024-10-17,-0.001265,0.005935,-0.011091,0.011826,-0.006127,-0.001517,-0.008898,-0.028764,-0.013452,0.003704
2024-10-18,0.005475,-0.000801,-0.007905,0.007552,-0.006013,-0.004929,0.012751,0.040561,0.053055,0.053753
2024-10-21,0.001032,-0.00636,0.002061,0.015734,-0.008068,-0.008999,-0.011503,-0.005995,-0.005542,-0.00615
2024-10-22,0.001075,-0.004921,-0.012509,0.017306,-0.011305,-0.006616,8e-05,0.013147,-0.003633,0.004369
2024-10-23,-0.00142,-0.003515,-0.012963,0.009968,0.007695,0.011283,0.0013,0.015274,0.025439,0.004679
2024-10-24,0.005609,-0.009054,-0.005459,-0.016843,-0.031508,0.004187,0.011087,0.009095,0.0199,0.048338
2024-10-25,0.005698,0.005798,0.003174,-0.020694,-0.005562,-0.003668,0.012806,0.017566,-0.015694,0.020959
2024-10-28,-0.005823,-0.00848,-0.004986,-0.007662,0.01508,0.03387,-0.003291,0.012264,0.024022,-0.005637
2024-10-29,0.005091,-0.003311,0.00246,0.006811,-0.002794,0.013636,-0.023702,-0.023606,0.025843,0.015202
2024-10-30,0.007979,0.001606,-0.002602,-0.005729,-0.01474,0.012139,-0.016408,-0.009598,-0.010119,0.033913
2024-10-31,0.001507,0.009749,-0.002588,0.004716,0.000373,0.002173,-0.00618,-0.006446,-0.005045,0.015527
2024-11-01,0.004957,-0.000261,0.002539,-0.015952,-0.020026,-0.003931,0.020913,0.025753,-0.010148,0.011706
2024-11-04,0.006941,0.011356,-0.00155,0.00518,0.028129,-0.001093,-0.023084,-0.011268,0.025105,0.041134
2024-11-05,-0.004198,0.007781,-0.013811,0.002839,0.017051,0.015809,-0.007092,-0.00953,0.00683,0.012649
2024-11-06,0.006404,-0.003109,0.005259,-0.010991,-0.000653,0.024687,-0.019961,-0.006302,-0.006715,-0.002167
2024-11-07,-0.002859,-0.016409,-0.001976,0.007047,-0.003279,-0.00197,0.011243,0.023015,0.021331,-0.02166
2024-11-08,0.006171,0.002321,0.010192,-0.019004,0.005831,0.002922,0.00458,0.016421,-0.005147,0.000518
2024-11-11,0.000806,0.000826,-0.005838,-0.027531,0.021203,0.002729,0.020676,0.028121,-0.011294,-0.007682
2024-11-12,-0.000822,-0.005334,-0.001277,-0.000728,0.001048,0.014028,-0.014722,-0.012831,0.003891,0.005919
2024-11-13,8.2e-05,-0.007862,-0.016872,-0.007157,-0.006453,0.028784,0.008139,0.036067,0.012185,0.012731
2024-11-14,0.005089,0.000569,0.02212,-0.008519,-0.020267,-0.02458,0.006112,-0.014893,-0.017955,-0.00494
2024-11-15,0.006364,0.009737,0.001267,-0.006617,0.007555,0.010363,-0.013171,-0.009546,0.011513,0.036472
2024-11-18,-0.00484,0.002941,-0.007635,0.008774,-0.011345,-0.008401,0.009169,-0.005712,0.000427,0.014405
2024-11-19,-0.001113,0.00238,0.006636,-0.004998,-0.01311,-0.035335,0.02989,0.008734,-0.004343,0.00539
2024-11-20,-0.002503,-0.002425,-0.020386,0.017318,-0.011475,0.015128,-0.018276,-0.018574,-0.013001,0.013122
2024-11-21,-0.011552,-0.004846,-0.012128,0.020731,0.01329,0.000779,0.001752,0.006566,-0.010636,-0.033847
2024-11-22,0.004845,-0.015294,0.007091,-0.025125,-0.010979,0.023196,-0.001114,0.020694,0.004059,0.003691
2024-11-25,-0.004629,-0.004926,-0.005635,0.001799,0.007224,0.012966,0.001241,0.008249,0.003458,-0.015718
2024-11-26,-0.001059,0.008972,0.001564,-0.004007,-0.001647,0.009279,-0.010472,-0.028267,-0.002679,0.021925
2024-11-27,-0.00117,-0.0,-0.008079,0.014131,0.020264,0.012298,-0.008271,0.010228,0.025755,-0.004091
2024-11-28,0.000294,0.003102,0.002371,-0.008516,0.012027,0.002973,-0.000953,0.001851,0.020464,0.02464
2024-11-29,0.001713,0.013539,0.002831,0.002677,-0.001004,-0.007851,0.001053,-0.004689,-0.024875,0.004292
2024-12-02,-0.002406,-0.002771,-0.006195,0.020447,0.010104,0.017223,-0.031201,-0.020989,0.004432,-0.003658
2024-12-03,0.001677,0.00809,0.002175,0.005071,0.016933,-0.01446,0.001072,0.003874,0.007783,0.006751
2024-12-04,0.007174,0.002175,0.013652,-0.017751,-0.006588,-0.003564,0.015191,0.022086,0.008472,0.009402
2024-12-05,0.001252,-0.00177,-0.005477,-0.000529,-0.004053,0.019449,-0.012959,0.000699,0.003342,0.020791
